,auroc_in_hotspot,auprc_in_hotspot,auroc_ex_hotspot,auprc_ex_hotspot,auroc_in_pcorr,auprc_in_pcorr,auroc_ex_pcorr,auprc_ex_pcorr,auroc_in_scorr,auprc_in_scorr,auroc_ex_scorr,auprc_ex_scorr,auroc_in_celcomen,auprc_in_celcomen,auroc_ex_celcomen,auprc_ex_celcomen,gen_func,adj_func,ex_in_same
0,0.40476190476190477,0.6880952380952381,0.64,0.7416666666666667,0.6904761904761905,0.8322562358276644,0.48,0.5973015873015873,0.5476190476190477,0.7865646258503401,0.6000000000000001,0.6422222222222222,0.47619047619047616,0.7583333333333333,0.4,0.5650000000000001,gen_binary_any,adj_abs,same_false
1,1.0,1.0,0.3125,0.784375,0.11999999999999997,0.32591269841269843,0.875,0.9685019841269842,0.11999999999999997,0.32591269841269843,0.875,0.9685019841269842,0.11999999999999997,0.3,0.6875,0.9148809523809524,gen_binary_any,adj_abs,same_false
2,0.40476190476190477,0.6880952380952381,0.53125,0.84375,0.45238095238095244,0.7610544217687074,0.53125,0.839608134920635,0.6428571428571429,0.8207482993197279,0.34375,0.7969246031746031,0.5952380952380952,0.8071428571428572,0.40625,0.8110119047619047,gen_binary_any,adj_abs,same_false
3,0.5833333333333333,0.7416666666666666,0.7142857142857144,0.875,0.45833333333333337,0.6432208994708994,0.380952380952381,0.6841836734693877,0.45833333333333337,0.6432208994708994,0.380952380952381,0.6841836734693877,0.41666666666666663,0.6166666666666667,0.380952380952381,0.6840136054421768,gen_binary_any,adj_abs,same_false
4,0.35714285714285715,0.6642857142857141,0.46875,0.7916666666666666,0.45238095238095244,0.7539965986394558,0.46875,0.8268353174603174,0.45238095238095244,0.7539965986394558,0.46875,0.8268353174603174,0.5476190476190477,0.7892857142857143,0.46875,0.8268353174603174,gen_binary_any,adj_abs,same_false
5,0.4375,0.8385416666666667,0.4583333333333333,0.5194444444444444,1.0,1.0,0.29166666666666663,0.5866402116402116,1.0,1.0,0.25,0.5751322751322752,0.625,0.9,0.375,0.6142857142857143,gen_binary_any,adj_abs,same_false
6,0.5833333333333333,0.7416666666666666,0.5416666666666666,0.6722222222222222,0.3333333333333333,0.6033068783068783,0.5,0.6545634920634921,0.3333333333333333,0.6033068783068783,0.45833333333333337,0.6432208994708994,0.4583333333333333,0.6416666666666666,0.5416666666666667,0.6718253968253969,gen_binary_any,adj_abs,same_false
7,0.8095238095238095,0.9333333333333331,,0.9999999999999999,0.33333333333333337,0.6718537414965986,,1.0,0.33333333333333337,0.6718537414965986,,1.0,0.30952380952380953,0.6428571428571428,,1.0,gen_binary_any,adj_abs,same_false
8,0.46,0.6499999999999999,0.32000000000000006,0.38,0.8600000000000001,0.8433333333333334,0.44,0.5746031746031747,0.8200000000000001,0.8180952380952381,0.32,0.5424603174603175,0.6599999999999999,0.7450000000000001,0.6799999999999999,0.6747619047619048,gen_binary_any,adj_abs,same_false
9,0.5952380952380952,0.8321428571428571,0.3958333333333333,0.6138888888888889,0.6428571428571429,0.8160997732426304,0.6458333333333334,0.7657738095238096,0.5952380952380953,0.8045918367346939,0.6458333333333334,0.7780423280423281,0.5476190476190477,0.7892857142857143,0.5833333333333333,0.7448412698412699,gen_binary_any,adj_abs,same_false
0,0.625,0.7680555555555555,0.3125,0.75,0.375,0.6152116402116402,0.5625,0.8876984126984127,0.41666666666666663,0.6314814814814815,0.5,0.8719246031746032,0.41666666666666663,0.6166666666666667,0.6875,0.924404761904762,gen_dense_any,adj_abs,same_false
1,0.875,0.975,0.6666666666666667,0.8333333333333333,0.125,0.7073412698412699,0.33333333333333337,0.6718537414965986,0.125,0.7073412698412699,0.33333333333333337,0.6718537414965986,0.125,0.675,0.2380952380952381,0.6357142857142857,gen_dense_any,adj_abs,same_false
2,0.4583333333333333,0.5194444444444444,0.35714285714285715,0.5809523809523809,0.25,0.5751322751322752,0.5,0.7742346938775511,0.25,0.5751322751322752,0.45238095238095244,0.7539965986394558,0.5416666666666667,0.6718253968253969,0.6904761904761906,0.8343537414965987,gen_dense_any,adj_abs,same_false
3,0.7142857142857144,0.875,0.4583333333333333,0.5194444444444444,0.4285714285714286,0.6956916099773243,0.29166666666666663,0.5866402116402116,0.4285714285714286,0.6956916099773243,0.29166666666666663,0.5866402116402116,0.19047619047619047,0.6071428571428572,0.41666666666666663,0.6261904761904762,gen_dense_any,adj_abs,same_false
4,0.59375,0.8802083333333334,0.5555555555555556,0.9407407407407409,0.53125,0.839608134920635,0.7777777777777778,0.9751543209876543,0.59375,0.8512400793650794,0.7777777777777778,0.9751543209876543,0.4375,0.8125,0.4444444444444444,0.9227072310405644,gen_dense_any,adj_abs,same_false
5,0.875,0.975,0.4523809523809524,0.6238095238095237,0.125,0.7073412698412699,0.5,0.7663265306122449,0.125,0.7073412698412699,0.45238095238095244,0.7539965986394558,0.125,0.69375,0.6190476190476191,0.8105442176870749,gen_dense_any,adj_abs,same_false
6,0.35714285714285715,0.6642857142857141,0.6666666666666666,0.8166666666666667,0.5476190476190477,0.7922619047619048,0.41666666666666663,0.6216269841269841,0.5476190476190477,0.7778344671201814,0.45833333333333337,0.6432208994708994,0.5476190476190477,0.7892857142857143,0.39583333333333337,0.6160714285714286,gen_dense_any,adj_abs,same_false
7,0.35416666666666663,0.5861111111111111,0.8333333333333333,0.9833333333333336,0.6875,0.7893849206349206,0.16666666666666666,0.8560405643738977,0.6458333333333333,0.7740079365079365,0.16666666666666666,0.8560405643738977,0.6875,0.8,0.16666666666666666,0.8558862433862434,gen_dense_any,adj_abs,same_false
8,0.68,0.8,0.30952380952380953,0.557142857142857,0.6799999999999999,0.6747619047619048,0.40476190476190477,0.7408163265306122,0.6799999999999999,0.6747619047619048,0.40476190476190477,0.7408163265306122,0.5,0.6000000000000001,0.7380952380952381,0.8468537414965986,gen_dense_any,adj_abs,same_false
9,0.2380952380952381,0.5404761904761904,0.125,0.6916666666666668,0.7142857142857143,0.8903061224489797,0.6875,0.9247519841269841,0.761904761904762,0.9064625850340136,0.625,0.9106150793650793,0.7857142857142857,0.9357142857142857,0.6875,0.9148809523809524,gen_dense_any,adj_abs,same_false
0,0.40476190476190477,0.6880952380952381,0.64,0.7416666666666667,0.6904761904761905,0.8322562358276644,0.48,0.5973015873015873,0.5476190476190477,0.7865646258503401,0.6000000000000001,0.6422222222222222,0.47619047619047616,0.7583333333333333,0.4,0.5650000000000001,gen_binary_selfone,adj_abs,same_false
1,1.0,1.0,0.3125,0.784375,0.11999999999999997,0.32591269841269843,0.875,0.9685019841269842,0.11999999999999997,0.32591269841269843,0.875,0.9685019841269842,0.11999999999999997,0.3,0.6875,0.9148809523809524,gen_binary_selfone,adj_abs,same_false
2,0.40476190476190477,0.6880952380952381,0.53125,0.84375,0.45238095238095244,0.7610544217687074,0.53125,0.839608134920635,0.6428571428571429,0.8207482993197279,0.34375,0.7969246031746031,0.5952380952380952,0.8071428571428572,0.40625,0.8110119047619047,gen_binary_selfone,adj_abs,same_false
3,0.5833333333333333,0.7416666666666666,0.7142857142857144,0.875,0.45833333333333337,0.6432208994708994,0.380952380952381,0.6841836734693877,0.45833333333333337,0.6432208994708994,0.380952380952381,0.6841836734693877,0.41666666666666663,0.6166666666666667,0.380952380952381,0.6840136054421768,gen_binary_selfone,adj_abs,same_false
4,0.35714285714285715,0.6642857142857141,0.46875,0.7916666666666666,0.45238095238095244,0.7539965986394558,0.46875,0.8268353174603174,0.45238095238095244,0.7539965986394558,0.46875,0.8268353174603174,0.5476190476190477,0.7892857142857143,0.46875,0.8268353174603174,gen_binary_selfone,adj_abs,same_false
5,0.4375,0.8385416666666667,0.4583333333333333,0.5194444444444444,1.0,1.0,0.29166666666666663,0.5866402116402116,1.0,1.0,0.25,0.5751322751322752,0.625,0.9,0.375,0.6142857142857143,gen_binary_selfone,adj_abs,same_false
6,0.5833333333333333,0.7416666666666666,0.5416666666666666,0.6722222222222222,0.3333333333333333,0.6033068783068783,0.5,0.6545634920634921,0.3333333333333333,0.6033068783068783,0.45833333333333337,0.6432208994708994,0.4583333333333333,0.6416666666666666,0.5416666666666667,0.6718253968253969,gen_binary_selfone,adj_abs,same_false
7,0.8095238095238095,0.9333333333333331,,0.9999999999999999,0.33333333333333337,0.6718537414965986,,1.0,0.33333333333333337,0.6718537414965986,,1.0,0.30952380952380953,0.6428571428571428,,1.0,gen_binary_selfone,adj_abs,same_false
8,0.46,0.6499999999999999,0.32000000000000006,0.38,0.8600000000000001,0.8433333333333334,0.44,0.5746031746031747,0.8200000000000001,0.8180952380952381,0.32,0.5424603174603175,0.6599999999999999,0.7450000000000001,0.6799999999999999,0.6747619047619048,gen_binary_selfone,adj_abs,same_false
9,0.5952380952380952,0.8321428571428571,0.3958333333333333,0.6138888888888889,0.6428571428571429,0.8160997732426304,0.6458333333333334,0.7657738095238096,0.5952380952380953,0.8045918367346939,0.6458333333333334,0.7780423280423281,0.5476190476190477,0.7892857142857143,0.5833333333333333,0.7448412698412699,gen_binary_selfone,adj_abs,same_false
0,0.625,0.7680555555555555,0.3125,0.75,0.375,0.6152116402116402,0.5625,0.8876984126984127,0.41666666666666663,0.6314814814814815,0.5,0.8719246031746032,0.41666666666666663,0.6166666666666667,0.6875,0.924404761904762,gen_dense_selfone,adj_abs,same_false
1,0.875,0.975,0.6666666666666667,0.8333333333333333,0.125,0.7073412698412699,0.33333333333333337,0.6718537414965986,0.125,0.7073412698412699,0.33333333333333337,0.6718537414965986,0.125,0.675,0.2380952380952381,0.6357142857142857,gen_dense_selfone,adj_abs,same_false
2,0.4583333333333333,0.5194444444444444,0.35714285714285715,0.5809523809523809,0.25,0.5751322751322752,0.5,0.7742346938775511,0.25,0.5751322751322752,0.45238095238095244,0.7539965986394558,0.5416666666666667,0.6718253968253969,0.6904761904761906,0.8343537414965987,gen_dense_selfone,adj_abs,same_false
3,0.7142857142857144,0.875,0.4583333333333333,0.5194444444444444,0.4285714285714286,0.6956916099773243,0.29166666666666663,0.5866402116402116,0.4285714285714286,0.6956916099773243,0.29166666666666663,0.5866402116402116,0.19047619047619047,0.6071428571428572,0.41666666666666663,0.6261904761904762,gen_dense_selfone,adj_abs,same_false
4,0.59375,0.8802083333333334,0.5555555555555556,0.9407407407407409,0.53125,0.839608134920635,0.7777777777777778,0.9751543209876543,0.59375,0.8512400793650794,0.7777777777777778,0.9751543209876543,0.4375,0.8125,0.4444444444444444,0.9227072310405644,gen_dense_selfone,adj_abs,same_false
5,0.875,0.975,0.4523809523809524,0.6238095238095237,0.125,0.7073412698412699,0.5,0.7663265306122449,0.125,0.7073412698412699,0.45238095238095244,0.7539965986394558,0.125,0.69375,0.6190476190476191,0.8105442176870749,gen_dense_selfone,adj_abs,same_false
6,0.35714285714285715,0.6642857142857141,0.6666666666666666,0.8166666666666667,0.5476190476190477,0.7922619047619048,0.41666666666666663,0.6216269841269841,0.5476190476190477,0.7778344671201814,0.45833333333333337,0.6432208994708994,0.5476190476190477,0.7892857142857143,0.39583333333333337,0.6160714285714286,gen_dense_selfone,adj_abs,same_false
7,0.35416666666666663,0.5861111111111111,0.8333333333333333,0.9833333333333336,0.6875,0.7893849206349206,0.16666666666666666,0.8560405643738977,0.6458333333333333,0.7740079365079365,0.16666666666666666,0.8560405643738977,0.6875,0.8,0.16666666666666666,0.8558862433862434,gen_dense_selfone,adj_abs,same_false
8,0.68,0.8,0.30952380952380953,0.557142857142857,0.6799999999999999,0.6747619047619048,0.40476190476190477,0.7408163265306122,0.6799999999999999,0.6747619047619048,0.40476190476190477,0.7408163265306122,0.5,0.6000000000000001,0.7380952380952381,0.8468537414965986,gen_dense_selfone,adj_abs,same_false
9,0.2380952380952381,0.5404761904761904,0.125,0.6916666666666668,0.7142857142857143,0.8903061224489797,0.6875,0.9247519841269841,0.761904761904762,0.9064625850340136,0.625,0.9106150793650793,0.7857142857142857,0.9357142857142857,0.6875,0.9148809523809524,gen_dense_selfone,adj_abs,same_false
0,0.64,0.6563095238095238,0.40625,0.3902777777777778,0.52,0.4766666666666666,0.59375,0.5916666666666667,0.44,0.4266666666666666,0.59375,0.5916666666666667,0.52,0.6100000000000001,0.5625,0.4666666666666667,gen_binary_any,adj_onlyneg,same_false
1,0.0,0.3043650793650793,0.8125,0.7901785714285714,0.92,0.9183333333333332,0.1041666666666666,0.2333333333333333,0.92,0.9183333333333332,0.1458333333333333,0.2375,0.8800000000000001,0.8833333333333334,0.2708333333333333,0.3791666666666666,gen_binary_any,adj_onlyneg,same_false
2,0.6428571428571428,0.4666666666666667,0.4791666666666666,0.4524305555555555,0.4047619047619047,0.2361111111111111,0.5625,0.3916666666666666,0.4523809523809524,0.25,0.4791666666666667,0.3479166666666667,0.4523809523809524,0.3944444444444444,0.6458333333333334,0.6416666666666666,gen_binary_any,adj_onlyneg,same_false
3,0.3125,0.4020833333333333,0.6666666666666667,0.6285714285714286,0.8125,0.8625,0.3333333333333333,0.2916666666666667,0.8125,0.8625,0.3333333333333333,0.2916666666666667,0.625,0.675,0.3333333333333333,0.2958333333333333,gen_binary_any,adj_onlyneg,same_false
4,0.7619047619047619,0.65,0.5476190476190477,0.4267857142857142,0.3809523809523809,0.2388888888888889,0.6904761904761905,0.6333333333333333,0.3333333333333333,0.2111111111111111,0.7380952380952381,0.7722222222222221,0.3095238095238095,0.35,0.5,0.2777777777777778,gen_binary_any,adj_onlyneg,same_false
5,0.8541666666666667,0.8145833333333333,0.2916666666666667,0.2893353174603175,0.1875,0.24375,0.7083333333333334,0.4625,0.2291666666666666,0.2541666666666666,0.6666666666666667,0.4416666666666667,0.2291666666666666,0.3625,0.875,0.8354166666666667,gen_binary_any,adj_onlyneg,same_false
6,0.25,0.1277777777777777,0.5476190476190477,0.4267857142857142,0.875,0.7083333333333333,0.5952380952380952,0.3277777777777778,0.8125,0.6625,0.5476190476190477,0.2972222222222222,0.625,0.4333333333333333,0.3571428571428571,0.2277777777777777,gen_binary_any,adj_onlyneg,same_false
7,0.4523809523809524,0.3938492063492063,0.5833333333333334,0.6843253968253968,0.6428571428571428,0.5777777777777777,0.625,0.7222222222222222,0.6428571428571428,0.5777777777777777,0.625,0.7222222222222222,0.5476190476190477,0.55,0.4999999999999999,0.6583333333333333,gen_binary_any,adj_onlyneg,same_false
8,0.4166666666666667,0.5395833333333333,0.71875,0.475,0.5833333333333333,0.6833333333333333,0.46875,0.175,0.5416666666666667,0.5791666666666666,0.28125,0.1333333333333333,0.4583333333333333,0.5333333333333333,0.34375,0.1416666666666666,gen_binary_any,adj_onlyneg,same_false
9,0.125,0.1180555555555555,0.78,0.7996428571428572,0.875,0.7083333333333333,0.3,0.3666666666666666,0.75,0.2875,0.26,0.3483333333333333,0.75,0.6666666666666666,0.26,0.3483333333333333,gen_binary_any,adj_onlyneg,same_false
0,0.59375,0.5916666666666667,0.5952380952380952,0.3277777777777778,0.40625,0.3902777777777778,0.5952380952380952,0.4436507936507936,0.40625,0.3902777777777778,0.5,0.4138888888888888,0.5,0.4041666666666667,0.4285714285714286,0.3888888888888889,gen_binary_any,adj_onlypos,same_false
1,,0.5,0.6875,0.725,,0.5,0.2291666666666666,0.3773809523809524,,0.5,0.2291666666666666,0.3773809523809524,,0.5,0.3958333333333333,0.4217261904761905,gen_binary_any,adj_onlypos,same_false
2,0.5416666666666667,0.5791666666666666,0.5,0.5375,0.5416666666666667,0.5791666666666666,0.4583333333333332,0.5492559523809524,0.4166666666666667,0.5395833333333333,0.5,0.5619047619047619,0.5416666666666667,0.575,0.5833333333333333,0.5910714285714286,gen_binary_any,adj_onlypos,same_false
3,0.34375,0.1416666666666666,0.9047619047619048,0.8500000000000001,0.59375,0.4255952380952381,0.0476190476190476,0.1687169312169312,0.65625,0.4458333333333333,0.0952380952380952,0.1726851851851851,0.5625,0.425,0.1904761904761905,0.1809523809523809,gen_binary_any,adj_onlypos,same_false
4,0.6041666666666667,0.5791666666666666,0.52,0.5933333333333333,0.5208333333333334,0.4660714285714286,0.6000000000000001,0.6422222222222222,0.4791666666666666,0.4524305555555555,0.64,0.6563095238095238,0.375,0.4,0.4800000000000001,0.5915873015873017,gen_binary_any,adj_onlypos,same_false
5,0.8125,0.8625,0.125,0.1,0.1875,0.3699404761904762,0.875,0.75,0.2291666666666666,0.3773809523809524,0.875,0.75,0.3125,0.38125,0.875,0.75,gen_binary_any,adj_onlypos,same_false
6,0.4166666666666666,0.3270833333333333,0.5952380952380952,0.5472222222222223,0.7500000000000001,0.6708333333333334,0.4523809523809523,0.4037037037037037,0.7083333333333333,0.6464285714285715,0.4523809523809523,0.4037037037037037,0.5416666666666667,0.575,0.4047619047619047,0.3813492063492063,gen_binary_any,adj_onlypos,same_false
7,0.7291666666666666,0.75,0.5833333333333333,0.6833333333333333,0.4791666666666666,0.4524305555555555,0.625,0.6149305555555555,0.4791666666666666,0.4524305555555555,0.625,0.6149305555555555,0.375,0.4,0.5,0.5583333333333333,gen_binary_any,adj_onlypos,same_false
8,0.1666666666666666,0.05,0.4523809523809524,0.2555555555555556,0.8333333333333334,0.625,0.5952380952380952,0.4436507936507936,0.8333333333333334,0.625,0.5476190476190477,0.4242063492063492,0.8333333333333334,0.625,0.5952380952380952,0.4436507936507936,gen_binary_any,adj_onlypos,same_false
9,0.3399999999999999,0.5149999999999999,1.0,1.0,0.74,0.7855555555555556,0.1111111111111111,0.0555555555555555,0.7000000000000002,0.7744444444444445,0.0,0.05,0.7000000000000002,0.775,0.0555555555555555,0.05,gen_binary_any,adj_onlypos,same_false
0,0.8333333333333334,0.625,0.5476190476190477,0.4242063492063492,0.1666666666666666,0.05,0.4523809523809524,0.2555555555555556,0.1666666666666666,0.05,0.4523809523809524,0.2555555555555556,0.1666666666666666,0.05,0.5238095238095238,0.4444444444444444,gen_dense_any,adj_onlyneg,same_false
1,0.4285714285714286,0.6956916099773243,0.7083333333333333,0.6464285714285715,0.5714285714285715,0.6666666666666666,0.3333333333333333,0.2958333333333333,0.5714285714285715,0.6666666666666666,0.3333333333333333,0.2958333333333333,0.6904761904761906,0.8738095238095239,0.3541666666666666,0.40625,gen_dense_any,adj_onlyneg,same_false
2,0.42,0.4926984126984127,0.6666666666666666,0.6101190476190477,0.54,0.47,0.4285714285714285,0.4888888888888889,0.54,0.47,0.3809523809523809,0.2388888888888889,0.5800000000000001,0.57,0.3809523809523809,0.3777777777777777,gen_dense_any,adj_onlyneg,same_false
3,0.4791666666666666,0.4524305555555555,0.5625,0.4839285714285714,0.6458333333333333,0.4583333333333333,0.5625,0.3958333333333333,0.6458333333333333,0.4583333333333333,0.5625,0.3958333333333333,0.6875,0.7125000000000001,0.5625,0.4958333333333333,gen_dense_any,adj_onlyneg,same_false
4,0.5476190476190477,0.4267857142857142,0.56,0.6167857142857143,0.6428571428571428,0.3833333333333333,0.48,0.4433333333333333,0.6904761904761905,0.6333333333333333,0.52,0.5933333333333333,0.5476190476190477,0.55,0.68,0.8,gen_dense_any,adj_onlyneg,same_false
5,0.625,0.6149305555555555,0.625,0.6035714285714286,0.375,0.3125,0.4166666666666666,0.3291666666666666,0.375,0.3125,0.4166666666666666,0.3291666666666666,0.3333333333333333,0.4,0.4375,0.4520833333333333,gen_dense_any,adj_onlyneg,same_false
6,0.4375,0.4416666666666666,,0.5,0.7708333333333333,0.7895833333333333,,0.5,0.6875,0.4979166666666666,,0.5,0.625,0.675,,0.5,gen_dense_any,adj_onlyneg,same_false
7,0.7142857142857143,0.626984126984127,0.64,0.6563095238095238,0.238095238095238,0.1888888888888889,0.4,0.4066666666666666,0.238095238095238,0.1888888888888889,0.4,0.4066666666666666,0.1904761904761904,0.1833333333333333,0.6000000000000001,0.71,gen_dense_any,adj_onlyneg,same_false
8,0.40625,0.3902777777777778,0.5476190476190477,0.4242063492063492,0.46875,0.175,0.3571428571428571,0.2277777777777777,0.28125,0.1333333333333333,0.4523809523809524,0.2555555555555556,0.4375,0.3833333333333333,0.5476190476190477,0.3,gen_dense_any,adj_onlyneg,same_false
9,0.7619047619047619,0.901814058956916,0.65625,0.4458333333333333,0.1428571428571428,0.5023809523809524,0.28125,0.1333333333333333,0.1904761904761905,0.5261904761904761,0.28125,0.1333333333333333,0.2142857142857142,0.6642857142857141,0.40625,0.1541666666666666,gen_dense_any,adj_onlyneg,same_false
0,0.74,0.7849999999999999,0.42,0.5666666666666667,0.34,0.4673015873015873,0.74,0.7855555555555556,0.3,0.4563888888888888,0.78,0.7996428571428572,0.3,0.425,0.6399999999999999,0.7321428571428572,gen_dense_any,adj_onlypos,same_false
1,1.0,1.0,0.9047619047619048,0.8500000000000001,0.0,0.05,0.0,0.1657407407407407,0.0,0.05,0.0,0.1657407407407407,0.2777777777777778,0.05,0.0714285714285714,0.15,gen_dense_any,adj_onlypos,same_false
2,0.1666666666666666,0.05,0.5208333333333334,0.36875,0.8333333333333334,0.625,0.5208333333333334,0.4660714285714286,0.8333333333333334,0.625,0.5208333333333334,0.4660714285714286,0.8333333333333334,0.625,0.5625,0.4839285714285714,gen_dense_any,adj_onlypos,same_false
3,0.6904761904761905,0.6333333333333333,0.53125,0.2166666666666666,0.4523809523809523,0.4037037037037037,0.46875,0.3993055555555556,0.4523809523809523,0.4037037037037037,0.46875,0.3993055555555556,0.4047619047619047,0.375,0.46875,0.3982142857142857,gen_dense_any,adj_onlypos,same_false
4,0.6000000000000001,0.71,0.5833333333333333,0.6833333333333333,0.52,0.6115873015873017,0.5833333333333334,0.6041666666666667,0.6000000000000001,0.6422222222222222,0.625,0.6149305555555555,0.5,0.6000000000000001,0.6666666666666667,0.6214285714285714,gen_dense_any,adj_onlypos,same_false
5,0.875,0.7666666666666666,0.5952380952380952,0.3277777777777778,0.1249999999999999,0.2516369047619047,0.4523809523809524,0.3944444444444444,0.1249999999999999,0.2516369047619047,0.4523809523809524,0.3944444444444444,0.0833333333333333,0.2,0.5476190476190477,0.4267857142857142,gen_dense_any,adj_onlypos,same_false
6,0.2857142857142857,0.1972222222222222,0.6666666666666666,0.8166666666666667,0.7619047619047619,0.65,0.4583333333333333,0.6382936507936507,0.8095238095238095,0.6833333333333333,0.3333333333333333,0.5985449735449735,0.6904761904761905,0.6333333333333333,0.3958333333333333,0.6160714285714286,gen_dense_any,adj_onlypos,same_false
7,0.5476190476190477,0.5277777777777778,0.7708333333333333,0.7895833333333333,0.3095238095238095,0.3608465608465608,0.2708333333333333,0.3875,0.3571428571428571,0.3707671957671957,0.2708333333333333,0.3875,0.4047619047619047,0.375,0.4791666666666667,0.4488095238095238,gen_dense_any,adj_onlypos,same_false
8,0.6428571428571428,0.3833333333333333,0.375,0.3125,0.2619047619047618,0.3532407407407407,0.5416666666666667,0.5726686507936508,0.2619047619047618,0.3532407407407407,0.4999999999999999,0.5600198412698413,0.4523809523809523,0.3916666666666667,0.7500000000000001,0.6708333333333334,gen_dense_any,adj_onlypos,same_false
9,,0.5,0.3541666666666666,0.5861111111111111,,0.5,0.5625,0.7390542328042328,,0.5,0.6041666666666667,0.7544312169312168,,0.5,0.5625,0.7382936507936508,gen_dense_any,adj_onlypos,same_false
0,0.64,0.6563095238095238,0.40625,0.3902777777777778,0.52,0.4766666666666666,0.59375,0.5916666666666667,0.44,0.4266666666666666,0.59375,0.5916666666666667,0.52,0.6100000000000001,0.5625,0.4666666666666667,gen_binary_selfone,adj_onlyneg,same_false
1,0.0,0.3043650793650793,0.8125,0.7901785714285714,0.92,0.9183333333333332,0.1041666666666666,0.2333333333333333,0.92,0.9183333333333332,0.1458333333333333,0.2375,0.8800000000000001,0.8833333333333334,0.2708333333333333,0.3791666666666666,gen_binary_selfone,adj_onlyneg,same_false
2,0.6428571428571428,0.4666666666666667,0.4791666666666666,0.4524305555555555,0.4047619047619047,0.2361111111111111,0.5625,0.3916666666666666,0.4523809523809524,0.25,0.4791666666666667,0.3479166666666667,0.4523809523809524,0.3944444444444444,0.6458333333333334,0.6416666666666666,gen_binary_selfone,adj_onlyneg,same_false
3,0.3125,0.4020833333333333,0.6666666666666667,0.6285714285714286,0.8125,0.8625,0.3333333333333333,0.2916666666666667,0.8125,0.8625,0.3333333333333333,0.2916666666666667,0.625,0.675,0.3333333333333333,0.2958333333333333,gen_binary_selfone,adj_onlyneg,same_false
4,0.7619047619047619,0.65,0.5476190476190477,0.4267857142857142,0.3809523809523809,0.2388888888888889,0.6904761904761905,0.6333333333333333,0.3333333333333333,0.2111111111111111,0.7380952380952381,0.7722222222222221,0.3095238095238095,0.35,0.5,0.2777777777777778,gen_binary_selfone,adj_onlyneg,same_false
5,0.8541666666666667,0.8145833333333333,0.2916666666666667,0.2893353174603175,0.1875,0.24375,0.7083333333333334,0.4625,0.2291666666666666,0.2541666666666666,0.6666666666666667,0.4416666666666667,0.2291666666666666,0.3625,0.875,0.8354166666666667,gen_binary_selfone,adj_onlyneg,same_false
6,0.25,0.1277777777777777,0.5476190476190477,0.4267857142857142,0.875,0.7083333333333333,0.5952380952380952,0.3277777777777778,0.8125,0.6625,0.5476190476190477,0.2972222222222222,0.625,0.4333333333333333,0.3571428571428571,0.2277777777777777,gen_binary_selfone,adj_onlyneg,same_false
7,0.4523809523809524,0.3938492063492063,0.5833333333333334,0.6843253968253968,0.6428571428571428,0.5777777777777777,0.625,0.7222222222222222,0.6428571428571428,0.5777777777777777,0.625,0.7222222222222222,0.5476190476190477,0.55,0.4999999999999999,0.6583333333333333,gen_binary_selfone,adj_onlyneg,same_false
8,0.4166666666666667,0.5395833333333333,0.71875,0.475,0.5833333333333333,0.6833333333333333,0.46875,0.175,0.5416666666666667,0.5791666666666666,0.28125,0.1333333333333333,0.4583333333333333,0.5333333333333333,0.34375,0.1416666666666666,gen_binary_selfone,adj_onlyneg,same_false
9,0.125,0.1180555555555555,0.78,0.7996428571428572,0.875,0.7083333333333333,0.3,0.3666666666666666,0.75,0.2875,0.26,0.3483333333333333,0.75,0.6666666666666666,0.26,0.3483333333333333,gen_binary_selfone,adj_onlyneg,same_false
0,0.59375,0.5916666666666667,0.5952380952380952,0.3277777777777778,0.40625,0.3902777777777778,0.5952380952380952,0.4436507936507936,0.40625,0.3902777777777778,0.5,0.4138888888888888,0.5,0.4041666666666667,0.4285714285714286,0.3888888888888889,gen_binary_selfone,adj_onlypos,same_false
1,,0.5,0.6875,0.725,,0.5,0.2291666666666666,0.3773809523809524,,0.5,0.2291666666666666,0.3773809523809524,,0.5,0.3958333333333333,0.4217261904761905,gen_binary_selfone,adj_onlypos,same_false
2,0.5416666666666667,0.5791666666666666,0.5,0.5375,0.5416666666666667,0.5791666666666666,0.4583333333333332,0.5492559523809524,0.4166666666666667,0.5395833333333333,0.5,0.5619047619047619,0.5416666666666667,0.575,0.5833333333333333,0.5910714285714286,gen_binary_selfone,adj_onlypos,same_false
3,0.34375,0.1416666666666666,0.9047619047619048,0.8500000000000001,0.59375,0.4255952380952381,0.0476190476190476,0.1687169312169312,0.65625,0.4458333333333333,0.0952380952380952,0.1726851851851851,0.5625,0.425,0.1904761904761905,0.1809523809523809,gen_binary_selfone,adj_onlypos,same_false
4,0.6041666666666667,0.5791666666666666,0.52,0.5933333333333333,0.5208333333333334,0.4660714285714286,0.6000000000000001,0.6422222222222222,0.4791666666666666,0.4524305555555555,0.64,0.6563095238095238,0.375,0.4,0.4800000000000001,0.5915873015873017,gen_binary_selfone,adj_onlypos,same_false
5,0.8125,0.8625,0.125,0.1,0.1875,0.3699404761904762,0.875,0.75,0.2291666666666666,0.3773809523809524,0.875,0.75,0.3125,0.38125,0.875,0.75,gen_binary_selfone,adj_onlypos,same_false
6,0.4166666666666666,0.3270833333333333,0.5952380952380952,0.5472222222222223,0.7500000000000001,0.6708333333333334,0.4523809523809523,0.4037037037037037,0.7083333333333333,0.6464285714285715,0.4523809523809523,0.4037037037037037,0.5416666666666667,0.575,0.4047619047619047,0.3813492063492063,gen_binary_selfone,adj_onlypos,same_false
7,0.7291666666666666,0.75,0.5833333333333333,0.6833333333333333,0.4791666666666666,0.4524305555555555,0.625,0.6149305555555555,0.4791666666666666,0.4524305555555555,0.625,0.6149305555555555,0.375,0.4,0.5,0.5583333333333333,gen_binary_selfone,adj_onlypos,same_false
8,0.1666666666666666,0.05,0.4523809523809524,0.2555555555555556,0.8333333333333334,0.625,0.5952380952380952,0.4436507936507936,0.8333333333333334,0.625,0.5476190476190477,0.4242063492063492,0.8333333333333334,0.625,0.5952380952380952,0.4436507936507936,gen_binary_selfone,adj_onlypos,same_false
9,0.3399999999999999,0.5149999999999999,1.0,1.0,0.74,0.7855555555555556,0.1111111111111111,0.0555555555555555,0.7000000000000002,0.7744444444444445,0.0,0.05,0.7000000000000002,0.775,0.0555555555555555,0.05,gen_binary_selfone,adj_onlypos,same_false
0,0.8333333333333334,0.625,0.5476190476190477,0.4242063492063492,0.1666666666666666,0.05,0.4523809523809524,0.2555555555555556,0.1666666666666666,0.05,0.4523809523809524,0.2555555555555556,0.1666666666666666,0.05,0.5238095238095238,0.4444444444444444,gen_dense_selfone,adj_onlyneg,same_false
1,0.4285714285714286,0.6956916099773243,0.7083333333333333,0.6464285714285715,0.5714285714285715,0.6666666666666666,0.3333333333333333,0.2958333333333333,0.5714285714285715,0.6666666666666666,0.3333333333333333,0.2958333333333333,0.6904761904761906,0.8738095238095239,0.3541666666666666,0.40625,gen_dense_selfone,adj_onlyneg,same_false
2,0.42,0.4926984126984127,0.6666666666666666,0.6101190476190477,0.54,0.47,0.4285714285714285,0.4888888888888889,0.54,0.47,0.3809523809523809,0.2388888888888889,0.5800000000000001,0.57,0.3809523809523809,0.3777777777777777,gen_dense_selfone,adj_onlyneg,same_false
3,0.4791666666666666,0.4524305555555555,0.5625,0.4839285714285714,0.6458333333333333,0.4583333333333333,0.5625,0.3958333333333333,0.6458333333333333,0.4583333333333333,0.5625,0.3958333333333333,0.6875,0.7125000000000001,0.5625,0.4958333333333333,gen_dense_selfone,adj_onlyneg,same_false
4,0.5476190476190477,0.4267857142857142,0.56,0.6167857142857143,0.6428571428571428,0.3833333333333333,0.48,0.4433333333333333,0.6904761904761905,0.6333333333333333,0.52,0.5933333333333333,0.5476190476190477,0.55,0.68,0.8,gen_dense_selfone,adj_onlyneg,same_false
5,0.625,0.6149305555555555,0.625,0.6035714285714286,0.375,0.3125,0.4166666666666666,0.3291666666666666,0.375,0.3125,0.4166666666666666,0.3291666666666666,0.3333333333333333,0.4,0.4375,0.4520833333333333,gen_dense_selfone,adj_onlyneg,same_false
6,0.4375,0.4416666666666666,,0.5,0.7708333333333333,0.7895833333333333,,0.5,0.6875,0.4979166666666666,,0.5,0.625,0.675,,0.5,gen_dense_selfone,adj_onlyneg,same_false
7,0.7142857142857143,0.626984126984127,0.64,0.6563095238095238,0.238095238095238,0.1888888888888889,0.4,0.4066666666666666,0.238095238095238,0.1888888888888889,0.4,0.4066666666666666,0.1904761904761904,0.1833333333333333,0.6000000000000001,0.71,gen_dense_selfone,adj_onlyneg,same_false
8,0.40625,0.3902777777777778,0.5476190476190477,0.4242063492063492,0.46875,0.175,0.3571428571428571,0.2277777777777777,0.28125,0.1333333333333333,0.4523809523809524,0.2555555555555556,0.4375,0.3833333333333333,0.5476190476190477,0.3,gen_dense_selfone,adj_onlyneg,same_false
9,0.7619047619047619,0.901814058956916,0.65625,0.4458333333333333,0.1428571428571428,0.5023809523809524,0.28125,0.1333333333333333,0.1904761904761905,0.5261904761904761,0.28125,0.1333333333333333,0.2142857142857142,0.6642857142857141,0.40625,0.1541666666666666,gen_dense_selfone,adj_onlyneg,same_false
0,0.74,0.7849999999999999,0.42,0.5666666666666667,0.34,0.4673015873015873,0.74,0.7855555555555556,0.3,0.4563888888888888,0.78,0.7996428571428572,0.3,0.425,0.6399999999999999,0.7321428571428572,gen_dense_selfone,adj_onlypos,same_false
1,1.0,1.0,0.9047619047619048,0.8500000000000001,0.0,0.05,0.0,0.1657407407407407,0.0,0.05,0.0,0.1657407407407407,0.2777777777777778,0.05,0.0714285714285714,0.15,gen_dense_selfone,adj_onlypos,same_false
2,0.1666666666666666,0.05,0.5208333333333334,0.36875,0.8333333333333334,0.625,0.5208333333333334,0.4660714285714286,0.8333333333333334,0.625,0.5208333333333334,0.4660714285714286,0.8333333333333334,0.625,0.5625,0.4839285714285714,gen_dense_selfone,adj_onlypos,same_false
3,0.6904761904761905,0.6333333333333333,0.53125,0.2166666666666666,0.4523809523809523,0.4037037037037037,0.46875,0.3993055555555556,0.4523809523809523,0.4037037037037037,0.46875,0.3993055555555556,0.4047619047619047,0.375,0.46875,0.3982142857142857,gen_dense_selfone,adj_onlypos,same_false
4,0.6000000000000001,0.71,0.5833333333333333,0.6833333333333333,0.52,0.6115873015873017,0.5833333333333334,0.6041666666666667,0.6000000000000001,0.6422222222222222,0.625,0.6149305555555555,0.5,0.6000000000000001,0.6666666666666667,0.6214285714285714,gen_dense_selfone,adj_onlypos,same_false
5,0.875,0.7666666666666666,0.5952380952380952,0.3277777777777778,0.1249999999999999,0.2516369047619047,0.4523809523809524,0.3944444444444444,0.1249999999999999,0.2516369047619047,0.4523809523809524,0.3944444444444444,0.0833333333333333,0.2,0.5476190476190477,0.4267857142857142,gen_dense_selfone,adj_onlypos,same_false
6,0.2857142857142857,0.1972222222222222,0.6666666666666666,0.8166666666666667,0.7619047619047619,0.65,0.4583333333333333,0.6382936507936507,0.8095238095238095,0.6833333333333333,0.3333333333333333,0.5985449735449735,0.6904761904761905,0.6333333333333333,0.3958333333333333,0.6160714285714286,gen_dense_selfone,adj_onlypos,same_false
7,0.5476190476190477,0.5277777777777778,0.7708333333333333,0.7895833333333333,0.3095238095238095,0.3608465608465608,0.2708333333333333,0.3875,0.3571428571428571,0.3707671957671957,0.2708333333333333,0.3875,0.4047619047619047,0.375,0.4791666666666667,0.4488095238095238,gen_dense_selfone,adj_onlypos,same_false
8,0.6428571428571428,0.3833333333333333,0.375,0.3125,0.2619047619047618,0.3532407407407407,0.5416666666666667,0.5726686507936508,0.2619047619047618,0.3532407407407407,0.4999999999999999,0.5600198412698413,0.4523809523809523,0.3916666666666667,0.7500000000000001,0.6708333333333334,gen_dense_selfone,adj_onlypos,same_false
9,,0.5,0.3541666666666666,0.5861111111111111,,0.5,0.5625,0.7390542328042328,,0.5,0.6041666666666667,0.7544312169312168,,0.5,0.5625,0.7382936507936508,gen_dense_selfone,adj_onlypos,same_false
